Metal Triangles,2011,1,1,Chris,Johnson,Ten,RB,Clay
Metal Triangles,2011,1,2,Adrian,Peterson,Min,RB,Clayton
Metal Triangles,2011,1,3,Arian,Foster,Hou,RB,Cat
Metal Triangles,2011,1,4,Maurice,Jones-Drew,Jac,RB,Loren
Metal Triangles,2011,1,5,Jamaal,Charles,KC,RB,Tim
Metal Triangles,2011,1,6,Aaron,Rodgers,GB,QB,Spam
Metal Triangles,2011,1,7,Ray,Rice,Bal,RB,Thomas
Metal Triangles,2011,1,8,Tom,Brady,NE,QB,Gavin
Metal Triangles,2011,1,9,Philip,Rivers,SD,QB,Michael
Metal Triangles,2011,1,10,Michael,Vick,Phi,QB,Benjamin
Metal Triangles,2011,1,11,Drew,Brees,NO,QB,Alex
Metal Triangles,2011,1,12,Rashard,Mendenhall,Pit,RB,Lindsay
Metal Triangles,2011,1,13,Ben,Roethlisberger,Pit,QB,Andrew
Metal Triangles,2011,1,14,Frank,Gore,SF,RB,Dirk
Metal Triangles,2011,2,15,Antonio,Gates,SD,TE,Dirk
Metal Triangles,2011,2,16,Josh,Freeman,TB,QB,Andrew
Metal Triangles,2011,2,17,Roddy,White,Atl,WR,Lindsay
Metal Triangles,2011,2,18,Andre,Johnson,Hou,WR,Alex
Metal Triangles,2011,2,19,LeSean,McCoy,Phi,RB,Benjamin
Metal Triangles,2011,2,20,Larry,Fitzgerald,Ari,WR,Michael
Metal Triangles,2011,2,21,Michael,Turner,Atl,RB,Gavin
Metal Triangles,2011,2,22,Greg,Jennings,GB,WR,Thomas
Metal Triangles,2011,2,23,Calvin,Johnson,Det,WR,Spam
Metal Triangles,2011,2,24,Matt,Schaub,Hou,QB,Tim
Metal Triangles,2011,2,25,Tony,Romo,Dal,QB,Loren
Metal Triangles,2011,2,26,Eli,Manning,NYG,QB,Cat
Metal Triangles,2011,2,27,Matt,Ryan,Atl,QB,Clayton
Metal Triangles,2011,2,28,Peyton,Manning,Ind,QB,Clay
Metal Triangles,2011,3,29,Vincent,Jackson,SD,WR,Clay
Metal Triangles,2011,3,30,Steven,Jackson,StL,RB,Clayton
Metal Triangles,2011,3,31,Hakeem,Nicks,NYG,WR,Cat
Metal Triangles,2011,3,32,Dwayne,Bowe,KC,WR,Loren
Metal Triangles,2011,3,33,Mike,Wallace,Pit,WR,Tim
Metal Triangles,2011,3,34,Reggie,Wayne,Ind,WR,Spam
Metal Triangles,2011,3,35,Darren,McFadden,Oak,RB,Thomas
Metal Triangles,2011,3,36,DeSean,Jackson,Phi,WR,Gavin
Metal Triangles,2011,3,37,Matt,Forte,Chi,RB,Michael
Metal Triangles,2011,3,38,Peyton,Hillis,Cle,RB,Benjamin
Metal Triangles,2011,3,39,Felix,Jones,Dal,RB,Alex
Metal Triangles,2011,3,40,Miles,Austin,Dal,WR,Lindsay
Metal Triangles,2011,3,41,DeAngelo,Williams,Car,RB,Andrew
Metal Triangles,2011,3,42,Mark,Sanchez,NYJ,QB,Dirk
Metal Triangles,2011,4,43,Jeremy,Maclin,Phi,WR,Dirk
Metal Triangles,2011,4,44,Ahmad,Bradshaw,NYG,RB,Andrew
Metal Triangles,2011,4,45,LeGarrette,Blount,TB,RB,Lindsay
Metal Triangles,2011,4,46,Ryan,Mathews,SD,RB,Alex
Metal Triangles,2011,4,47,Jermichael,Finley,GB,TE,Benjamin
Metal Triangles,2011,4,48,Steelers,D/ST,Pit,D/ST,Michael
Metal Triangles,2011,4,49,Knowshon,Moreno,Den,RB,Gavin
Metal Triangles,2011,4,50,Dez,Bryant,Dal,WR,Thomas
Metal Triangles,2011,4,51,Jahvid,Best,Det,RB,Spam
Metal Triangles,2011,4,52,BenJarvus,Green-Ellis,NE,RB,Tim
Metal Triangles,2011,4,53,Beanie,Wells,Ari,RB,Loren
Metal Triangles,2011,4,54,Dallas,Clark,Ind,TE,Cat
Metal Triangles,2011,4,55,Joe,Flacco,Bal,QB,Clayton
Metal Triangles,2011,4,56,Kevin,Kolb,Ari,QB,Clay
Metal Triangles,2011,5,57,Brandon,Lloyd,Den,WR,Clay
Metal Triangles,2011,5,58,Marques,Colston,NO,WR,Clayton
Metal Triangles,2011,5,59,Jonathan,Stewart,Car,RB,Cat
Metal Triangles,2011,5,60,Kyle,Orton,Den,QB,Loren
Metal Triangles,2011,5,61,Sam,Bradford,StL,QB,Tim
Metal Triangles,2011,5,62,Percy,Harvin,Min,WR,Spam
Metal Triangles,2011,5,63,Jason,Witten,Dal,TE,Thomas
Metal Triangles,2011,5,64,Matthew,Stafford,Det,QB,Gavin
Metal Triangles,2011,5,65,Matt,Cassel,KC,QB,Michael
Metal Triangles,2011,5,66,Santonio,Holmes,NYJ,WR,Benjamin
Metal Triangles,2011,5,67,Kenny,Britt,Ten,WR,Alex
Metal Triangles,2011,5,68,Jay,Cutler,Chi,QB,Lindsay
Metal Triangles,2011,5,69,A.J.,Green,Cin,WR,Andrew
Metal Triangles,2011,5,70,Mike,Williams,TB,WR,Dirk
Metal Triangles,2011,6,71,Steve,Johnson,Buf,WR,Dirk
Metal Triangles,2011,6,72,Wes,Welker,NE,WR,Andrew
Metal Triangles,2011,6,73,Ryan,Fitzpatrick,Buf,QB,Lindsay
Metal Triangles,2011,6,74,Cam,Newton,Car,QB,Alex
Metal Triangles,2011,6,75,Shonn,Greene,NYJ,RB,Benjamin
Metal Triangles,2011,6,76,Patrick,Willis,SF,LB,Michael
Metal Triangles,2011,6,77,Vernon,Davis,SF,TE,Gavin
Metal Triangles,2011,6,78,Cedric,Benson,Cin,RB,Thomas
Metal Triangles,2011,6,79,Greg,Olsen,Car,TE,Spam
Metal Triangles,2011,6,80,Marcedes,Lewis,Jac,TE,Tim
Metal Triangles,2011,6,81,Rob,Gronkowski,NE,TE,Loren
Metal Triangles,2011,6,82,Fred,Jackson,Buf,RB,Cat
Metal Triangles,2011,6,83,Owen,Daniels,Hou,TE,Clayton
Metal Triangles,2011,6,84,Zach,Miller,Sea,TE,Clay
Metal Triangles,2011,7,85,Packers,D/ST,GB,D/ST,Clay
Metal Triangles,2011,7,86,Jerod,Mayo,NE,LB,Clayton
Metal Triangles,2011,7,87,Donovan,McNabb,Min,QB,Cat
Metal Triangles,2011,7,88,Jets,D/ST,NYJ,D/ST,Loren
Metal Triangles,2011,7,89,Ravens,D/ST,Bal,D/ST,Tim
Metal Triangles,2011,7,90,Stephen,Tulloch,Det,LB,Spam
Metal Triangles,2011,7,91,Mario,Manningham,NYG,WR,Thomas
Metal Triangles,2011,7,92,Anquan,Boldin,Bal,WR,Gavin
Metal Triangles,2011,7,93,Joseph,Addai,Ind,RB,Michael
Metal Triangles,2011,7,94,Alex,Smith,SF,QB,Benjamin
Metal Triangles,2011,7,95,Eagles,D/ST,Phi,D/ST,Alex
Metal Triangles,2011,7,96,Jimmy,Graham,NO,TE,Lindsay
Metal Triangles,2011,7,97,Ryan,Grant,GB,RB,Andrew
Metal Triangles,2011,7,98,Brian,Urlacher,Chi,LB,Dirk
Metal Triangles,2011,8,99,Brandon,Marshall,Mia,WR,Dirk
Metal Triangles,2011,8,100,Austin,Collie,Ind,WR,Andrew
Metal Triangles,2011,8,101,Lawrence,Timmons,Pit,LB,Lindsay
Metal Triangles,2011,8,102,Kellen,Winslow,TB,TE,Alex
Metal Triangles,2011,8,103,Jon,Beason,Car,LB,Benjamin
Metal Triangles,2011,8,104,LaRon,Landry,Wsh,S,Michael
Metal Triangles,2011,8,105,Patriots,D/ST,NE,D/ST,Gavin
Metal Triangles,2011,8,106,Mark,Ingram,NO,RB,Thomas
Metal Triangles,2011,8,107,David,Garrard,FA,QB,Spam
Metal Triangles,2011,8,108,Derrick,Johnson,KC,LB,Tim
Metal Triangles,2011,8,109,Charles,Woodson,GB,CB,Loren
Metal Triangles,2011,8,110,Bears,D/ST,Chi,D/ST,Cat
Metal Triangles,2011,8,111,Paul,Posluszny,Jac,LB,Clayton
Metal Triangles,2011,8,112,Nate,Kaeding,SD,K,Clay
Metal Triangles,2011,9,113,Sidney,Rice,Sea,WR,Clay
Metal Triangles,2011,9,114,Eric,Weddle,SD,S,Clayton
Metal Triangles,2011,9,115,Patrick,Chung,NE,S,Cat
Metal Triangles,2011,9,116,Ray,Lewis,Bal,LB,Loren
Metal Triangles,2011,9,117,Michael,Griffin,Ten,S,Tim
Metal Triangles,2011,9,118,Mike,Thomas,Jac,WR,Spam
Metal Triangles,2011,9,119,Marshawn,Lynch,Sea,RB,Thomas
Metal Triangles,2011,9,120,Brandon,Jacobs,NYG,RB,Gavin
Metal Triangles,2011,9,121,Chad,Greenway,Min,LB,Michael
Metal Triangles,2011,9,122,Danny,Amendola,StL,WR,Benjamin
Metal Triangles,2011,9,123,James,Harrison,Pit,LB,Alex
Metal Triangles,2011,9,124,James,Laurinaitis,StL,LB,Lindsay
Metal Triangles,2011,9,125,Daniel,Thomas,Mia,RB,Andrew
Metal Triangles,2011,9,126,Falcons,D/ST,Atl,D/ST,Dirk
Metal Triangles,2011,10,127,Matt,Hasselbeck,Ten,QB,Dirk
Metal Triangles,2011,10,128,Saints,D/ST,NO,D/ST,Andrew
Metal Triangles,2011,10,129,Reggie,Bush,Mia,RB,Lindsay
Metal Triangles,2011,10,130,Eric,Berry,KC,S,Alex
Metal Triangles,2011,10,131,DeMeco,Ryans,Hou,LB,Benjamin
Metal Triangles,2011,10,132,Jason,Campbell,Oak,QB,Michael
Metal Triangles,2011,10,133,London,Fletcher,Wsh,LB,Gavin
Metal Triangles,2011,10,134,Pierre,Garcon,Ind,WR,Thomas
Metal Triangles,2011,10,135,James,Anderson,Car,LB,Spam
Metal Triangles,2011,10,136,DeAngelo,Hall,Wsh,CB,Tim
Metal Triangles,2011,10,137,Desmond,Bishop,GB,LB,Loren
Metal Triangles,2011,10,138,Santana,Moss,Wsh,WR,Cat
Metal Triangles,2011,10,139,Chargers,D/ST,SD,D/ST,Clayton
Metal Triangles,2011,10,140,Brian,Cushing,Hou,LB,Clay
Metal Triangles,2011,11,141,Clay,Matthews,GB,LB,Clay
Metal Triangles,2011,11,142,Neil,Rackers,Hou,K,Clayton
Metal Triangles,2011,11,143,Barrett,Ruud,Ten,LB,Cat
Metal Triangles,2011,11,144,Josh,Brown,StL,K,Loren
Metal Triangles,2011,11,145,Nick,Folk,NYJ,K,Tim
Metal Triangles,2011,11,146,Ryan,Longwell,Min,K,Spam
Metal Triangles,2011,11,147,James,Starks,GB,RB,Thomas
Metal Triangles,2011,11,148,A.J.,Hawk,GB,LB,Gavin
Metal Triangles,2011,11,149,Brandon,Pettigrew,Det,TE,Michael
Metal Triangles,2011,11,150,T.J.,Ward,Cle,S,Benjamin
Metal Triangles,2011,11,151,Lee,Evans,Bal,WR,Alex
Metal Triangles,2011,11,152,Lions,D/ST,Det,D/ST,Lindsay
Metal Triangles,2011,11,153,Terrell,Thomas,NYG,CB,Andrew
Metal Triangles,2011,11,154,Tim,Hightower,Wsh,RB,Dirk
Metal Triangles,2011,12,155,Pierre,Thomas,NO,RB,Dirk
Metal Triangles,2011,12,156,Bernard,Pollard,Bal,S,Andrew
Metal Triangles,2011,12,157,Yeremiah,Bell,Mia,S,Lindsay
Metal Triangles,2011,12,158,Julio,Jones,Atl,WR,Alex
Metal Triangles,2011,12,159,Chad,Ochocinco,NE,WR,Benjamin
Metal Triangles,2011,12,160,Steve,Smith,Car,WR,Michael
Metal Triangles,2011,12,161,Michael,Bush,Oak,RB,Gavin
Metal Triangles,2011,12,162,Johnny,Knox,Chi,WR,Thomas
Metal Triangles,2011,12,163,Donte,Whitner,SF,S,Spam
Metal Triangles,2011,12,164,Roy,Williams,Chi,WR,Tim
Metal Triangles,2011,12,165,Malcom,Floyd,SD,WR,Loren
Metal Triangles,2011,12,166,Curtis,Lofton,Atl,LB,Cat
Metal Triangles,2011,12,167,Plaxico,Burress,NYJ,WR,Clayton
Metal Triangles,2011,12,168,Devin,McCourty,NE,CB,Clay
Metal Triangles,2011,13,169,Troy,Polamalu,Pit,S,Clay
Metal Triangles,2011,13,170,C.J.,Spiller,Buf,RB,Clayton
Metal Triangles,2011,13,171,Braylon,Edwards,SF,WR,Cat
Metal Triangles,2011,13,172,Mike,Tolbert,SD,RB,Loren
Metal Triangles,2011,13,173,Jonathan,Vilma,NO,LB,Tim
Metal Triangles,2011,13,174,Antoine,Winfield,Min,CB,Spam
Metal Triangles,2011,13,175,Rob,Bironas,Ten,K,Thomas
Metal Triangles,2011,13,176,Cortland,Finnegan,Ten,CB,Gavin
Metal Triangles,2011,13,177,Hines,Ward,Pit,WR,Michael
Metal Triangles,2011,13,178,Stephen,Gostkowski,NE,K,Benjamin
Metal Triangles,2011,13,179,Colt,McCoy,Cle,QB,Alex
Metal Triangles,2011,13,180,Ryan,Torain,Wsh,RB,Lindsay
Metal Triangles,2011,13,181,Terrell,Suggs,Bal,LB,Andrew
Metal Triangles,2011,13,182,Lance,Moore,NO,WR,Dirk
Metal Triangles,2011,14,183,Jordy,Nelson,GB,WR,Dirk
Metal Triangles,2011,14,184,Robert,Meachem,NO,WR,Andrew
Metal Triangles,2011,14,185,Tyvon,Branch,Oak,S,Lindsay
Metal Triangles,2011,14,186,DeMarcus,Ware,Dal,LB,Alex
Metal Triangles,2011,14,187,Willis,McGahee,Den,RB,Benjamin
Metal Triangles,2011,14,188,Earl,Thomas,Sea,S,Michael
Metal Triangles,2011,14,189,Michael,Huff,Oak,S,Gavin
Metal Triangles,2011,14,190,Chiefs,D/ST,KC,D/ST,Thomas
Metal Triangles,2011,14,191,Vikings,D/ST,Min,D/ST,Spam
Metal Triangles,2011,14,192,LaDainian,Tomlinson,NYJ,RB,Tim
Metal Triangles,2011,14,193,James,Jones,GB,WR,Loren
Metal Triangles,2011,14,194,Billy,Cundiff,Bal,K,Cat
Metal Triangles,2011,14,195,Paris,Lenon,Ari,LB,Clayton
Metal Triangles,2011,14,196,Chad,Henne,Mia,QB,Clay
Metal Triangles,2011,15,197,Danny,Woodhead,NE,RB,Clay
Metal Triangles,2011,15,198,Deion,Branch,NE,WR,Clayton
Metal Triangles,2011,15,199,Ricky,Williams,Bal,RB,Cat
Metal Triangles,2011,15,200,Michael,Crabtree,SF,WR,Loren
Metal Triangles,2011,15,201,Chris,Hope,Ten,S,Tim
Metal Triangles,2011,15,202,Tarvaris,Jackson,Sea,QB,Spam
Metal Triangles,2011,15,203,D.J.,Williams,Den,LB,Thomas
Metal Triangles,2011,15,204,Mason,Crosby,GB,K,Gavin
Metal Triangles,2011,15,205,Dustin,Keller,NYJ,TE,Michael
Metal Triangles,2011,15,206,Tony,Gonzalez,Atl,TE,Benjamin
Metal Triangles,2011,15,207,Darren,Sproles,NO,RB,Alex
Metal Triangles,2011,15,208,Mike,Williams,Sea,WR,Lindsay
Metal Triangles,2011,15,209,Garrett,Hartley,NO,K,Andrew
Metal Triangles,2011,15,210,Thomas,Jones,KC,RB,Dirk
Metal Triangles,2011,16,211,John,Kasay,NO,K,Dirk
Metal Triangles,2011,16,212,Chris,Cooley,Wsh,TE,Andrew
Metal Triangles,2011,16,213,Jacoby,Jones,Hou,WR,Lindsay
Metal Triangles,2011,16,214,Karlos,Dansby,Mia,LB,Alex
Metal Triangles,2011,16,215,Giants,D/ST,NYG,D/ST,Benjamin
Metal Triangles,2011,16,216,Matt,Bryant,Atl,K,Michael
Metal Triangles,2011,16,217,Antoine,Bethea,Ind,S,Gavin
Metal Triangles,2011,16,218,John,Beck,Wsh,QB,Thomas
Metal Triangles,2011,16,219,Jacoby,Ford,Oak,WR,Spam
Metal Triangles,2011,16,220,49ers,D/ST,SF,D/ST,Tim
Metal Triangles,2011,16,221,Jerome,Simpson,Cin,WR,Loren
Metal Triangles,2011,16,222,Aaron,Hernandez,NE,TE,Cat
Metal Triangles,2011,16,223,Rams,D/ST,StL,D/ST,Clayton
Metal Triangles,2011,16,224,Jerome,Harrison,Det,RB,Clay
Metal Triangles,2011,17,225,Davone,Bess,Mia,WR,Clay
Metal Triangles,2011,17,226,Mike,Sims-Walker,StL,WR,Clayton
Metal Triangles,2011,17,227,Steve,Breaston,KC,WR,Cat
Metal Triangles,2011,17,228,Montario,Hardesty,Cle,RB,Loren
Metal Triangles,2011,17,229,Andy,Dalton,Cin,QB,Tim
Metal Triangles,2011,17,230,Rashad,Jennings,Jac,RB,Spam
Metal Triangles,2011,17,231,Elvis,Dumervil,Den,LB,Thomas
Metal Triangles,2011,17,232,Ronnie,Brown,Phi,RB,Gavin
Metal Triangles,2011,17,233,Charles,Tillman,Chi,CB,Michael
Metal Triangles,2011,17,234,Vince,Young,Phi,QB,Benjamin
Metal Triangles,2011,17,235,Ben,Tate,Hou,RB,Alex
Metal Triangles,2011,17,236,Jared,Cook,Ten,TE,Lindsay
Metal Triangles,2011,17,237,Alex,Henery,Phi,K,Andrew
Metal Triangles,2011,17,238,Lance,Briggs,Chi,LB,Dirk
Metal Triangles,2011,18,239,Joe,Haden,Cle,CB,Dirk
Metal Triangles,2011,18,240,Roy,Helu,Wsh,RB,Andrew
Metal Triangles,2011,18,241,Adam,Vinatieri,Ind,K,Lindsay
Metal Triangles,2011,18,242,Sebastian,Janikowski,Oak,K,Alex
Metal Triangles,2011,18,243,James,Farrior,Pit,LB,Benjamin
Metal Triangles,2011,18,244,Justin,Forsett,Sea,RB,Michael
Metal Triangles,2011,18,245,Takeo,Spikes,SD,LB,Gavin
Metal Triangles,2011,18,246,Charles,Godfrey,Car,S,Thomas
Metal Triangles,2011,18,247,Nate,Burleson,Det,WR,Spam
Metal Triangles,2011,18,248,Jason,Hill,Jac,WR,Tim
Metal Triangles,2011,18,249,Derrick,Mason,NYJ,WR,Loren
Metal Triangles,2011,18,250,D'Qwell,Jackson,Cle,LB,Cat
Metal Triangles,2011,18,251,Anthony,Dixon,SF,RB,Clayton
Metal Triangles,2011,18,252,Alterraun,Verner,Ten,CB,Clay