Metal Triangles,2011,1,1,Chris,Johnson,32,RB,Clay
Metal Triangles,2011,1,2,Adrian,Peterson,20,RB,Clayton
Metal Triangles,2011,1,3,Arian,Foster,29,RB,Catherine
Metal Triangles,2011,1,4,Maurice,Jones-Drew,31,RB,Loren
Metal Triangles,2011,1,5,Jamaal,Charles,14,RB,Tim
Metal Triangles,2011,1,6,Aaron,Rodgers,19,QB,Matt
Metal Triangles,2011,1,7,Ray,Rice,21,RB,Thomas
Metal Triangles,2011,1,8,Tom,Brady,7,QB,Gavin
Metal Triangles,2011,1,9,Philip,Rivers,16,QB,Michael
Metal Triangles,2011,1,10,Michael,Vick,3,QB,Benjamin
Metal Triangles,2011,1,11,Drew,Brees,27,QB,Alex
Metal Triangles,2011,1,12,Rashard,Mendenhall,24,RB,Lindsay
Metal Triangles,2011,1,13,Ben,Roethlisberger,24,QB,Andrew
Metal Triangles,2011,1,14,Frank,Gore,10,RB,Dirk
Metal Triangles,2011,2,15,Antonio,Gates,16,TE,Dirk
Metal Triangles,2011,2,16,Josh,Freeman,28,QB,Andrew
Metal Triangles,2011,2,17,Roddy,White,25,WR,Lindsay
Metal Triangles,2011,2,18,Andre,Johnson,29,WR,Alex
Metal Triangles,2011,2,19,LeSean,McCoy,3,RB,Benjamin
Metal Triangles,2011,2,20,Larry,Fitzgerald,9,WR,Michael
Metal Triangles,2011,2,21,Michael,Turner,25,RB,Gavin
Metal Triangles,2011,2,22,Greg,Jennings,19,WR,Thomas
Metal Triangles,2011,2,23,Calvin,Johnson,18,WR,Matt
Metal Triangles,2011,2,24,Matt,Schaub,29,QB,Tim
Metal Triangles,2011,2,25,Tony,Romo,1,QB,Loren
Metal Triangles,2011,2,26,Eli,Manning,2,QB,Catherine
Metal Triangles,2011,2,27,Matt,Ryan,25,QB,Clayton
Metal Triangles,2011,2,28,Peyton,Manning,30,QB,Clay
Metal Triangles,2011,3,29,Vincent,Jackson,16,WR,Clay
Metal Triangles,2011,3,30,Steven,Jackson,12,RB,Clayton
Metal Triangles,2011,3,31,Hakeem,Nicks,2,WR,Catherine
Metal Triangles,2011,3,32,Dwayne,Bowe,14,WR,Loren
Metal Triangles,2011,3,33,Mike,Wallace,24,WR,Tim
Metal Triangles,2011,3,34,Reggie,Wayne,30,WR,Matt
Metal Triangles,2011,3,35,Darren,McFadden,15,RB,Thomas
Metal Triangles,2011,3,36,DeSean,Jackson,3,WR,Gavin
Metal Triangles,2011,3,37,Matt,Forte,17,RB,Michael
Metal Triangles,2011,3,38,Peyton,Hillis,23,RB,Benjamin
Metal Triangles,2011,3,39,Felix,Jones,1,RB,Alex
Metal Triangles,2011,3,40,Miles,Austin,1,WR,Lindsay
Metal Triangles,2011,3,41,DeAngelo,Williams,26,RB,Andrew
Metal Triangles,2011,3,42,Mark,Sanchez,8,QB,Dirk
Metal Triangles,2011,4,43,Jeremy,Maclin,3,WR,Dirk
Metal Triangles,2011,4,44,Ahmad,Bradshaw,2,RB,Andrew
Metal Triangles,2011,4,45,LeGarrette,Blount,28,RB,Lindsay
Metal Triangles,2011,4,46,Ryan,Mathews,16,RB,Alex
Metal Triangles,2011,4,47,Jermichael,Finley,19,TE,Benjamin
Metal Triangles,2011,4,48,Steelers,D/ST,24,D/ST,Michael
Metal Triangles,2011,4,49,Knowshon,Moreno,13,RB,Gavin
Metal Triangles,2011,4,50,Dez,Bryant,1,WR,Thomas
Metal Triangles,2011,4,51,Jahvid,Best,18,RB,Matt
Metal Triangles,2011,4,52,BenJarvus,Green-Ellis,7,RB,Tim
Metal Triangles,2011,4,53,Beanie,Wells,9,RB,Loren
Metal Triangles,2011,4,54,Dallas,Clark,30,TE,Catherine
Metal Triangles,2011,4,55,Joe,Flacco,21,QB,Clayton
Metal Triangles,2011,4,56,Kevin,Kolb,9,QB,Clay
Metal Triangles,2011,5,57,Brandon,Lloyd,13,WR,Clay
Metal Triangles,2011,5,58,Marques,Colston,27,WR,Clayton
Metal Triangles,2011,5,59,Jonathan,Stewart,26,RB,Catherine
Metal Triangles,2011,5,60,Kyle,Orton,13,QB,Loren
Metal Triangles,2011,5,61,Sam,Bradford,12,QB,Tim
Metal Triangles,2011,5,62,Percy,Harvin,20,WR,Matt
Metal Triangles,2011,5,63,Jason,Witten,1,TE,Thomas
Metal Triangles,2011,5,64,Matthew,Stafford,18,QB,Gavin
Metal Triangles,2011,5,65,Matt,Cassel,14,QB,Michael
Metal Triangles,2011,5,66,Santonio,Holmes,8,WR,Benjamin
Metal Triangles,2011,5,67,Kenny,Britt,32,WR,Alex
Metal Triangles,2011,5,68,Jay,Cutler,17,QB,Lindsay
Metal Triangles,2011,5,69,A.J.,Green,22,WR,Andrew
Metal Triangles,2011,5,70,Mike,Williams,28,WR,Dirk
Metal Triangles,2011,6,71,Steve,Johnson,5,WR,Dirk
Metal Triangles,2011,6,72,Wes,Welker,7,WR,Andrew
Metal Triangles,2011,6,73,Ryan,Fitzpatrick,5,QB,Lindsay
Metal Triangles,2011,6,74,Cam,Newton,26,QB,Alex
Metal Triangles,2011,6,75,Shonn,Greene,8,RB,Benjamin
Metal Triangles,2011,6,76,Patrick,Willis,10,LB,Michael
Metal Triangles,2011,6,77,Vernon,Davis,10,TE,Gavin
Metal Triangles,2011,6,78,Cedric,Benson,22,RB,Thomas
Metal Triangles,2011,6,79,Greg,Olsen,26,TE,Matt
Metal Triangles,2011,6,80,Marcedes,Lewis,31,TE,Tim
Metal Triangles,2011,6,81,Rob,Gronkowski,7,TE,Loren
Metal Triangles,2011,6,82,Fred,Jackson,5,RB,Catherine
Metal Triangles,2011,6,83,Owen,Daniels,29,TE,Clayton
Metal Triangles,2011,6,84,Zach,Miller,11,TE,Clay
Metal Triangles,2011,7,85,Packers,D/ST,19,D/ST,Clay
Metal Triangles,2011,7,86,Jerod,Mayo,7,LB,Clayton
Metal Triangles,2011,7,87,Donovan,McNabb,20,QB,Catherine
Metal Triangles,2011,7,88,Jets,D/ST,8,D/ST,Loren
Metal Triangles,2011,7,89,Ravens,D/ST,21,D/ST,Tim
Metal Triangles,2011,7,90,Stephen,Tulloch,18,LB,Matt
Metal Triangles,2011,7,91,Mario,Manningham,2,WR,Thomas
Metal Triangles,2011,7,92,Anquan,Boldin,21,WR,Gavin
Metal Triangles,2011,7,93,Joseph,Addai,30,RB,Michael
Metal Triangles,2011,7,94,Alex,Smith,10,QB,Benjamin
Metal Triangles,2011,7,95,Eagles,D/ST,3,D/ST,Alex
Metal Triangles,2011,7,96,Jimmy,Graham,27,TE,Lindsay
Metal Triangles,2011,7,97,Ryan,Grant,19,RB,Andrew
Metal Triangles,2011,7,98,Brian,Urlacher,17,LB,Dirk
Metal Triangles,2011,8,99,Brandon,Marshall,6,WR,Dirk
Metal Triangles,2011,8,100,Austin,Collie,30,WR,Andrew
Metal Triangles,2011,8,101,Lawrence,Timmons,24,LB,Lindsay
Metal Triangles,2011,8,102,Kellen,Winslow,28,TE,Alex
Metal Triangles,2011,8,103,Jon,Beason,26,LB,Benjamin
Metal Triangles,2011,8,104,LaRon,Landry,4,S,Michael
Metal Triangles,2011,8,105,Patriots,D/ST,7,D/ST,Gavin
Metal Triangles,2011,8,106,Mark,Ingram,27,RB,Thomas
Metal Triangles,2011,8,107,David,Garrard,FA,QB,Matt
Metal Triangles,2011,8,108,Derrick,Johnson,14,LB,Tim
Metal Triangles,2011,8,109,Charles,Woodson,19,CB,Loren
Metal Triangles,2011,8,110,Bears,D/ST,17,D/ST,Catherine
Metal Triangles,2011,8,111,Paul,Posluszny,31,LB,Clayton
Metal Triangles,2011,8,112,Nate,Kaeding,16,K,Clay
Metal Triangles,2011,9,113,Sidney,Rice,11,WR,Clay
Metal Triangles,2011,9,114,Eric,Weddle,16,S,Clayton
Metal Triangles,2011,9,115,Patrick,Chung,7,S,Catherine
Metal Triangles,2011,9,116,Ray,Lewis,21,LB,Loren
Metal Triangles,2011,9,117,Michael,Griffin,32,S,Tim
Metal Triangles,2011,9,118,Mike,Thomas,31,WR,Matt
Metal Triangles,2011,9,119,Marshawn,Lynch,11,RB,Thomas
Metal Triangles,2011,9,120,Brandon,Jacobs,2,RB,Gavin
Metal Triangles,2011,9,121,Chad,Greenway,20,LB,Michael
Metal Triangles,2011,9,122,Danny,Amendola,12,WR,Benjamin
Metal Triangles,2011,9,123,James,Harrison,24,LB,Alex
Metal Triangles,2011,9,124,James,Laurinaitis,12,LB,Lindsay
Metal Triangles,2011,9,125,Daniel,Thomas,6,RB,Andrew
Metal Triangles,2011,9,126,Falcons,D/ST,25,D/ST,Dirk
Metal Triangles,2011,10,127,Matt,Hasselbeck,32,QB,Dirk
Metal Triangles,2011,10,128,Saints,D/ST,27,D/ST,Andrew
Metal Triangles,2011,10,129,Reggie,Bush,6,RB,Lindsay
Metal Triangles,2011,10,130,Eric,Berry,14,S,Alex
Metal Triangles,2011,10,131,DeMeco,Ryans,29,LB,Benjamin
Metal Triangles,2011,10,132,Jason,Campbell,15,QB,Michael
Metal Triangles,2011,10,133,London,Fletcher,4,LB,Gavin
Metal Triangles,2011,10,134,Pierre,Garcon,30,WR,Thomas
Metal Triangles,2011,10,135,James,Anderson,26,LB,Matt
Metal Triangles,2011,10,136,DeAngelo,Hall,4,CB,Tim
Metal Triangles,2011,10,137,Desmond,Bishop,19,LB,Loren
Metal Triangles,2011,10,138,Santana,Moss,4,WR,Catherine
Metal Triangles,2011,10,139,Chargers,D/ST,16,D/ST,Clayton
Metal Triangles,2011,10,140,Brian,Cushing,29,LB,Clay
Metal Triangles,2011,11,141,Clay,Matthews,19,LB,Clay
Metal Triangles,2011,11,142,Neil,Rackers,29,K,Clayton
Metal Triangles,2011,11,143,Barrett,Ruud,32,LB,Catherine
Metal Triangles,2011,11,144,Josh,Brown,12,K,Loren
Metal Triangles,2011,11,145,Nick,Folk,8,K,Tim
Metal Triangles,2011,11,146,Ryan,Longwell,20,K,Matt
Metal Triangles,2011,11,147,James,Starks,19,RB,Thomas
Metal Triangles,2011,11,148,A.J.,Hawk,19,LB,Gavin
Metal Triangles,2011,11,149,Brandon,Pettigrew,18,TE,Michael
Metal Triangles,2011,11,150,T.J.,Ward,23,S,Benjamin
Metal Triangles,2011,11,151,Lee,Evans,21,WR,Alex
Metal Triangles,2011,11,152,Lions,D/ST,18,D/ST,Lindsay
Metal Triangles,2011,11,153,Terrell,Thomas,2,CB,Andrew
Metal Triangles,2011,11,154,Tim,Hightower,4,RB,Dirk
Metal Triangles,2011,12,155,Pierre,Thomas,27,RB,Dirk
Metal Triangles,2011,12,156,Bernard,Pollard,21,S,Andrew
Metal Triangles,2011,12,157,Yeremiah,Bell,6,S,Lindsay
Metal Triangles,2011,12,158,Julio,Jones,25,WR,Alex
Metal Triangles,2011,12,159,Chad,Ochocinco,7,WR,Benjamin
Metal Triangles,2011,12,160,Steve,Smith,26,WR,Michael
Metal Triangles,2011,12,161,Michael,Bush,15,RB,Gavin
Metal Triangles,2011,12,162,Johnny,Knox,17,WR,Thomas
Metal Triangles,2011,12,163,Donte,Whitner,10,S,Matt
Metal Triangles,2011,12,164,Roy,Williams,17,WR,Tim
Metal Triangles,2011,12,165,Malcom,Floyd,16,WR,Loren
Metal Triangles,2011,12,166,Curtis,Lofton,25,LB,Catherine
Metal Triangles,2011,12,167,Plaxico,Burress,8,WR,Clayton
Metal Triangles,2011,12,168,Devin,McCourty,7,CB,Clay
Metal Triangles,2011,13,169,Troy,Polamalu,24,S,Clay
Metal Triangles,2011,13,170,C.J.,Spiller,5,RB,Clayton
Metal Triangles,2011,13,171,Braylon,Edwards,10,WR,Catherine
Metal Triangles,2011,13,172,Mike,Tolbert,16,RB,Loren
Metal Triangles,2011,13,173,Jonathan,Vilma,27,LB,Tim
Metal Triangles,2011,13,174,Antoine,Winfield,20,CB,Matt
Metal Triangles,2011,13,175,Rob,Bironas,32,K,Thomas
Metal Triangles,2011,13,176,Cortland,Finnegan,32,CB,Gavin
Metal Triangles,2011,13,177,Hines,Ward,24,WR,Michael
Metal Triangles,2011,13,178,Stephen,Gostkowski,7,K,Benjamin
Metal Triangles,2011,13,179,Colt,McCoy,23,QB,Alex
Metal Triangles,2011,13,180,Ryan,Torain,4,RB,Lindsay
Metal Triangles,2011,13,181,Terrell,Suggs,21,LB,Andrew
Metal Triangles,2011,13,182,Lance,Moore,27,WR,Dirk
Metal Triangles,2011,14,183,Jordy,Nelson,19,WR,Dirk
Metal Triangles,2011,14,184,Robert,Meachem,27,WR,Andrew
Metal Triangles,2011,14,185,Tyvon,Branch,15,S,Lindsay
Metal Triangles,2011,14,186,DeMarcus,Ware,1,LB,Alex
Metal Triangles,2011,14,187,Willis,McGahee,13,RB,Benjamin
Metal Triangles,2011,14,188,Earl,Thomas,11,S,Michael
Metal Triangles,2011,14,189,Michael,Huff,15,S,Gavin
Metal Triangles,2011,14,190,Chiefs,D/ST,14,D/ST,Thomas
Metal Triangles,2011,14,191,Vikings,D/ST,20,D/ST,Matt
Metal Triangles,2011,14,192,LaDainian,Tomlinson,8,RB,Tim
Metal Triangles,2011,14,193,James,Jones,19,WR,Loren
Metal Triangles,2011,14,194,Billy,Cundiff,21,K,Catherine
Metal Triangles,2011,14,195,Paris,Lenon,9,LB,Clayton
Metal Triangles,2011,14,196,Chad,Henne,6,QB,Clay
Metal Triangles,2011,15,197,Danny,Woodhead,7,RB,Clay
Metal Triangles,2011,15,198,Deion,Branch,7,WR,Clayton
Metal Triangles,2011,15,199,Ricky,Williams,21,RB,Catherine
Metal Triangles,2011,15,200,Michael,Crabtree,10,WR,Loren
Metal Triangles,2011,15,201,Chris,Hope,32,S,Tim
Metal Triangles,2011,15,202,Tarvaris,31kson,11,QB,Matt
Metal Triangles,2011,15,203,D.J.,Williams,13,LB,Thomas
Metal Triangles,2011,15,204,Mason,Crosby,19,K,Gavin
Metal Triangles,2011,15,205,Dustin,Keller,8,TE,Michael
Metal Triangles,2011,15,206,Tony,Gonzalez,25,TE,Benjamin
Metal Triangles,2011,15,207,Darren,Sproles,27,RB,Alex
Metal Triangles,2011,15,208,Mike,Williams,11,WR,Lindsay
Metal Triangles,2011,15,209,Garrett,Hartley,27,K,Andrew
Metal Triangles,2011,15,210,Thomas,Jones,14,RB,Dirk
Metal Triangles,2011,16,211,John,Kasay,27,K,Dirk
Metal Triangles,2011,16,212,Chris,Cooley,4,TE,Andrew
Metal Triangles,2011,16,213,Jacoby,Jones,29,WR,Lindsay
Metal Triangles,2011,16,214,Karlos,Dansby,6,LB,Alex
Metal Triangles,2011,16,215,Giants,D/ST,2,D/ST,Benjamin
Metal Triangles,2011,16,216,Matt,Bryant,25,K,Michael
Metal Triangles,2011,16,217,Antoine,Bethea,30,S,Gavin
Metal Triangles,2011,16,218,John,Beck,4,QB,Thomas
Metal Triangles,2011,16,219,Jacoby,Ford,15,WR,Matt
Metal Triangles,2011,16,220,49ers,D/ST,10,D/ST,Tim
Metal Triangles,2011,16,221,Jerome,Simpson,22,WR,Loren
Metal Triangles,2011,16,222,Aaron,Hernandez,7,TE,Catherine
Metal Triangles,2011,16,223,Rams,D/ST,12,D/ST,Clayton
Metal Triangles,2011,16,224,Jerome,Harrison,18,RB,Clay
Metal Triangles,2011,17,225,Davone,Bess,6,WR,Clay
Metal Triangles,2011,17,226,Mike,Sims-Walker,12,WR,Clayton
Metal Triangles,2011,17,227,Steve,Breaston,14,WR,Catherine
Metal Triangles,2011,17,228,Montario,Hardesty,23,RB,Loren
Metal Triangles,2011,17,229,Andy,Dalton,22,QB,Tim
Metal Triangles,2011,17,230,Rashad,Jennings,31,RB,Matt
Metal Triangles,2011,17,231,Elvis,Dumervil,13,LB,Thomas
Metal Triangles,2011,17,232,Ronnie,Brown,3,RB,Gavin
Metal Triangles,2011,17,233,Charles,Tillman,17,CB,Michael
Metal Triangles,2011,17,234,Vince,Young,3,QB,Benjamin
Metal Triangles,2011,17,235,Ben,Tate,29,RB,Alex
Metal Triangles,2011,17,236,Jared,Cook,32,TE,Lindsay
Metal Triangles,2011,17,237,Alex,Henery,3,K,Andrew
Metal Triangles,2011,17,238,Lance,Briggs,17,LB,Dirk
Metal Triangles,2011,18,239,Joe,Haden,23,CB,Dirk
Metal Triangles,2011,18,240,Roy,Helu,4,RB,Andrew
Metal Triangles,2011,18,241,Adam,Vinatieri,30,K,Lindsay
Metal Triangles,2011,18,242,Sebastian,Janikowski,15,K,Alex
Metal Triangles,2011,18,243,James,Farrior,24,LB,Benjamin
Metal Triangles,2011,18,244,Justin,Forsett,11,RB,Michael
Metal Triangles,2011,18,245,Takeo,Spikes,16,LB,Gavin
Metal Triangles,2011,18,246,Charles,Godfrey,26,S,Thomas
Metal Triangles,2011,18,247,Nate,Burleson,18,WR,Matt
Metal Triangles,2011,18,248,Jason,Hill,31,WR,Tim
Metal Triangles,2011,18,249,Derrick,Mason,8,WR,Loren
Metal Triangles,2011,18,250,DQwell,Jackson,23,LB,Catherine
Metal Triangles,2011,18,251,Anthony,Dixon,10,RB,Clayton
Metal Triangles,2011,18,252,Alterraun,Verner,32,CB,Clay
