1,Metal,Triangles,2011,1,1,Chris,Johnson,32,RB,5
2,Metal,Triangles,2011,1,2,Adrian,Peterson,20,RB,5ton
3,Metal,Triangles,2011,1,3,Arian,Foster,29,RB,9
4,Metal,Triangles,2011,1,4,Maurice,Jones-Drew,31,RB,8
5,Metal,Triangles,2011,1,5,Jamaal,Charles,14,RB,4
6,Metal,Triangles,2011,1,6,Aaron,Rodgers,19,QB,14
7,Metal,Triangles,2011,1,7,Ray,Rice,21,RB,2
8,Metal,Triangles,2011,1,8,Tom,Brady,7,QB,12
9,Metal,Triangles,2011,1,9,Philip,Rivers,16,QB,7
10,Metal,Triangles,2011,1,10,7,Vick,3,QB,10
11,Metal,Triangles,2011,1,11,Drew,Brees,27,QB,1
12,Metal,Triangles,2011,1,12,Rashard,Mendenhall,24,RB,13
13,Metal,Triangles,2011,1,13,Ben,Roethlisberger,24,QB,3
14,Metal,Triangles,2011,1,14,Frank,Gore,10,RB,6
15,Metal,Triangles,2011,2,15,Antonio,Gates,16,TE,6
16,Metal,Triangles,2011,2,16,Josh,Freeman,28,QB,3
17,Metal,Triangles,2011,2,17,Roddy,White,25,WR,13
18,Metal,Triangles,2011,2,18,Andre,Johnson,29,WR,1
19,Metal,Triangles,2011,2,19,LeSean,McCoy,3,RB,10
20,Metal,Triangles,2011,2,20,Larry,Fitzgerald,9,WR,7
21,Metal,Triangles,2011,2,21,7,Turner,25,RB,12
22,Metal,Triangles,2011,2,22,Greg,Jennings,19,WR,2
23,Metal,Triangles,2011,2,23,Calvin,Johnson,18,WR,14
24,Metal,Triangles,2011,2,24,14,Schaub,29,QB,4
25,Metal,Triangles,2011,2,25,Tony,Romo,1,QB,8
26,Metal,Triangles,2011,2,26,Eli,Manning,2,QB,9
27,Metal,Triangles,2011,2,27,14,Ryan,25,QB,5ton
28,Metal,Triangles,2011,2,28,Peyton,Manning,30,QB,5
29,Metal,Triangles,2011,3,29,Vincent,Jackson,16,WR,5
30,Metal,Triangles,2011,3,30,Steven,Jackson,12,RB,5ton
31,Metal,Triangles,2011,3,31,Hakeem,Nicks,2,WR,9
32,Metal,Triangles,2011,3,32,Dwayne,Bowe,14,WR,8
33,Metal,Triangles,2011,3,33,Mike,Wallace,24,WR,4
34,Metal,Triangles,2011,3,34,Reggie,Wayne,30,WR,14
35,Metal,Triangles,2011,3,35,Darren,McFadden,15,RB,2
36,Metal,Triangles,2011,3,36,DeSean,Jackson,3,WR,12
37,Metal,Triangles,2011,3,37,14,Forte,17,RB,7
38,Metal,Triangles,2011,3,38,Peyton,Hillis,23,RB,10
39,Metal,Triangles,2011,3,39,Felix,Jones,1,RB,1
40,Metal,Triangles,2011,3,40,Miles,Austin,1,WR,13
41,Metal,Triangles,2011,3,41,DeAngelo,Williams,26,RB,3
42,Metal,Triangles,2011,3,42,Mark,Sanchez,8,QB,6
43,Metal,Triangles,2011,4,43,Jeremy,Maclin,3,WR,6
44,Metal,Triangles,2011,4,44,Ahmad,Bradshaw,2,RB,3
45,Metal,Triangles,2011,4,45,LeGarrette,Blount,28,RB,13
46,Metal,Triangles,2011,4,46,Ryan,Mathews,16,RB,1
47,Metal,Triangles,2011,4,47,Jermichael,Finley,19,TE,10
48,Metal,Triangles,2011,4,48,Steelers,D/ST,24,D/ST,7
49,Metal,Triangles,2011,4,49,Knowshon,Moreno,13,RB,12
50,Metal,Triangles,2011,4,50,Dez,Bryant,1,WR,2
51,Metal,Triangles,2011,4,51,Jahvid,Best,18,RB,14
52,Metal,Triangles,2011,4,52,BenJarvus,Green-Ellis,7,RB,4
53,Metal,Triangles,2011,4,53,Beanie,Wells,9,RB,8
54,Metal,Triangles,2011,4,54,Dallas,Clark,30,TE,9
55,Metal,Triangles,2011,4,55,Joe,Flacco,21,QB,5ton
56,Metal,Triangles,2011,4,56,Kevin,Kolb,9,QB,5
57,Metal,Triangles,2011,5,57,Brandon,Lloyd,13,WR,5
58,Metal,Triangles,2011,5,58,Marques,Colston,27,WR,5ton
59,Metal,Triangles,2011,5,59,Jonathan,Stewart,26,RB,9
60,Metal,Triangles,2011,5,60,Kyle,Orton,13,QB,8
61,Metal,Triangles,2011,5,61,Sam,Bradford,12,QB,4
62,Metal,Triangles,2011,5,62,Percy,Harvin,20,WR,14
63,Metal,Triangles,2011,5,63,Jason,Witten,1,TE,2
64,Metal,Triangles,2011,5,64,14hew,Stafford,18,QB,12
65,Metal,Triangles,2011,5,65,14,Cassel,14,QB,7
66,Metal,Triangles,2011,5,66,Santonio,Holmes,8,WR,10
67,Metal,Triangles,2011,5,67,Kenny,Britt,32,WR,1
68,Metal,Triangles,2011,5,68,Jay,Cutler,17,QB,13
69,Metal,Triangles,2011,5,69,A.J.,Green,22,WR,3
70,Metal,Triangles,2011,5,70,Mike,Williams,28,WR,6
71,Metal,Triangles,2011,6,71,Steve,Johnson,5,WR,6
72,Metal,Triangles,2011,6,72,Wes,Welker,7,WR,3
73,Metal,Triangles,2011,6,73,Ryan,Fitzpatrick,5,QB,13
74,Metal,Triangles,2011,6,74,Cam,Newton,26,QB,1
75,Metal,Triangles,2011,6,75,Shonn,Greene,8,RB,10
76,Metal,Triangles,2011,6,76,Patrick,Willis,10,LB,7
77,Metal,Triangles,2011,6,77,Vernon,Davis,10,TE,12
78,Metal,Triangles,2011,6,78,Cedric,Benson,22,RB,2
79,Metal,Triangles,2011,6,79,Greg,Olsen,26,TE,14
80,Metal,Triangles,2011,6,80,Marcedes,Lewis,31,TE,4
81,Metal,Triangles,2011,6,81,Rob,Gronkowski,7,TE,8
82,Metal,Triangles,2011,6,82,Fred,Jackson,5,RB,9
83,Metal,Triangles,2011,6,83,Owen,Daniels,29,TE,5ton
84,Metal,Triangles,2011,6,84,Zach,Miller,11,TE,5
85,Metal,Triangles,2011,7,85,Packers,D/ST,19,D/ST,5
86,Metal,Triangles,2011,7,86,Jerod,Mayo,7,LB,5ton
87,Metal,Triangles,2011,7,87,Donovan,McNabb,20,QB,9
88,Metal,Triangles,2011,7,88,Jets,D/ST,8,D/ST,8
89,Metal,Triangles,2011,7,89,Ravens,D/ST,21,D/ST,4
90,Metal,Triangles,2011,7,90,Stephen,Tulloch,18,LB,14
91,Metal,Triangles,2011,7,91,Mario,Manningham,2,WR,2
92,Metal,Triangles,2011,7,92,Anquan,Boldin,21,WR,12
93,Metal,Triangles,2011,7,93,Joseph,Addai,30,RB,7
94,Metal,Triangles,2011,7,94,1,Smith,10,QB,10
95,Metal,Triangles,2011,7,95,Eagles,D/ST,3,D/ST,1
96,Metal,Triangles,2011,7,96,Jimmy,Graham,27,TE,13
97,Metal,Triangles,2011,7,97,Ryan,Grant,19,RB,3
98,Metal,Triangles,2011,7,98,Brian,Urlacher,17,LB,6
99,Metal,Triangles,2011,8,99,Brandon,Marshall,6,WR,6
100,Metal,Triangles,2011,8,100,Austin,Collie,30,WR,3
101,Metal,Triangles,2011,8,101,Lawrence,4mons,24,LB,13
102,Metal,Triangles,2011,8,102,Kellen,Winslow,28,TE,1
103,Metal,Triangles,2011,8,103,Jon,Beason,26,LB,10
104,Metal,Triangles,2011,8,104,LaRon,Landry,4,S,7
105,Metal,Triangles,2011,8,105,Patriots,D/ST,7,D/ST,12
106,Metal,Triangles,2011,8,106,Mark,Ingram,27,RB,2
107,Metal,Triangles,2011,8,107,David,Garrard,FA,QB,14
108,Metal,Triangles,2011,8,108,Derrick,Johnson,14,LB,4
109,Metal,Triangles,2011,8,109,Charles,Woodson,19,CB,8
110,Metal,Triangles,2011,8,110,Bears,D/ST,17,D/ST,9
111,Metal,Triangles,2011,8,111,Paul,Posluszny,31,LB,5ton
112,Metal,Triangles,2011,8,112,Nate,Kaeding,16,K,5
113,Metal,Triangles,2011,9,113,Sidney,Rice,11,WR,5
114,Metal,Triangles,2011,9,114,Eric,Weddle,16,S,5ton
115,Metal,Triangles,2011,9,115,Patrick,Chung,7,S,9
116,Metal,Triangles,2011,9,116,Ray,Lewis,21,LB,8
117,Metal,Triangles,2011,9,117,7,Griffin,32,S,4
118,Metal,Triangles,2011,9,118,Mike,2,31,WR,14
119,Metal,Triangles,2011,9,119,Marshawn,Lynch,11,RB,2
120,Metal,Triangles,2011,9,120,Brandon,Jacobs,2,RB,12
121,Metal,Triangles,2011,9,121,Chad,Greenway,20,LB,7
122,Metal,Triangles,2011,9,122,Danny,Amendola,12,WR,10
123,Metal,Triangles,2011,9,123,James,Harrison,24,LB,1
124,Metal,Triangles,2011,9,124,James,Laurinaitis,12,LB,13
125,Metal,Triangles,2011,9,125,Daniel,2,6,RB,3
126,Metal,Triangles,2011,9,126,Falcons,D/ST,25,D/ST,6
127,Metal,Triangles,2011,10,127,14,Hasselbeck,32,QB,6
128,Metal,Triangles,2011,10,128,Saints,D/ST,27,D/ST,3
129,Metal,Triangles,2011,10,129,Reggie,Bush,6,RB,13
130,Metal,Triangles,2011,10,130,Eric,Berry,14,S,1
131,Metal,Triangles,2011,10,131,DeMeco,Ryans,29,LB,10
132,Metal,Triangles,2011,10,132,Jason,Campbell,15,QB,7
133,Metal,Triangles,2011,10,133,London,Fletcher,4,LB,12
134,Metal,Triangles,2011,10,134,Pierre,Garcon,30,WR,2
135,Metal,Triangles,2011,10,135,James,Anderson,26,LB,14
136,Metal,Triangles,2011,10,136,DeAngelo,Hall,4,CB,4
137,Metal,Triangles,2011,10,137,Desmond,Bishop,19,LB,8
138,Metal,Triangles,2011,10,138,Santana,Moss,4,WR,9
139,Metal,Triangles,2011,10,139,Chargers,D/ST,16,D/ST,5ton
140,Metal,Triangles,2011,10,140,Brian,Cushing,29,LB,5
141,Metal,Triangles,2011,11,141,5,14hews,19,LB,5
142,Metal,Triangles,2011,11,142,Neil,Rackers,29,K,5ton
143,Metal,Triangles,2011,11,143,Barrett,Ruud,32,LB,9
144,Metal,Triangles,2011,11,144,Josh,Brown,12,K,8
145,Metal,Triangles,2011,11,145,Nick,Folk,8,K,4
146,Metal,Triangles,2011,11,146,Ryan,Longwell,20,K,14
147,Metal,Triangles,2011,11,147,James,Starks,19,RB,2
148,Metal,Triangles,2011,11,148,A.J.,Hawk,19,LB,12
149,Metal,Triangles,2011,11,149,Brandon,Pettigrew,18,TE,7
150,Metal,Triangles,2011,11,150,T.J.,Ward,23,S,10
151,Metal,Triangles,2011,11,151,Lee,Evans,21,WR,1
152,Metal,Triangles,2011,11,152,Lions,D/ST,18,D/ST,13
153,Metal,Triangles,2011,11,153,Terrell,2,2,CB,3
154,Metal,Triangles,2011,11,154,4,Hightower,4,RB,6
155,Metal,Triangles,2011,12,155,Pierre,2,27,RB,6
156,Metal,Triangles,2011,12,156,Bernard,Pollard,21,S,3
157,Metal,Triangles,2011,12,157,Yeremiah,Bell,6,S,13
158,Metal,Triangles,2011,12,158,Julio,Jones,25,WR,1
159,Metal,Triangles,2011,12,159,Chad,Ochocinco,7,WR,10
160,Metal,Triangles,2011,12,160,Steve,Smith,26,WR,7
161,Metal,Triangles,2011,12,161,7,Bush,15,RB,12
162,Metal,Triangles,2011,12,162,Johnny,Knox,17,WR,2
163,Metal,Triangles,2011,12,163,Donte,Whitner,10,S,14
164,Metal,Triangles,2011,12,164,Roy,Williams,17,WR,4
165,Metal,Triangles,2011,12,165,Malcom,Floyd,16,WR,8
166,Metal,Triangles,2011,12,166,Curtis,Lofton,25,LB,9
167,Metal,Triangles,2011,12,167,Plaxico,Burress,8,WR,5ton
168,Metal,Triangles,2011,12,168,Devin,McCourty,7,CB,5
169,Metal,Triangles,2011,13,169,Troy,Polamalu,24,S,5
170,Metal,Triangles,2011,13,170,C.J.,Spiller,5,RB,5ton
171,Metal,Triangles,2011,13,171,Braylon,Edwards,10,WR,9
172,Metal,Triangles,2011,13,172,Mike,Tolbert,16,RB,8
173,Metal,Triangles,2011,13,173,Jonathan,Vilma,27,LB,4
174,Metal,Triangles,2011,13,174,Antoine,Winfield,20,CB,14
175,Metal,Triangles,2011,13,175,Rob,Bironas,32,K,2
176,Metal,Triangles,2011,13,176,Cortland,Finnegan,32,CB,12
177,Metal,Triangles,2011,13,177,Hines,Ward,24,WR,7
178,Metal,Triangles,2011,13,178,Stephen,Gostkowski,7,K,10
179,Metal,Triangles,2011,13,179,Colt,McCoy,23,QB,1
180,Metal,Triangles,2011,13,180,Ryan,Torain,4,RB,13
181,Metal,Triangles,2011,13,181,Terrell,Suggs,21,LB,3
182,Metal,Triangles,2011,13,182,Lance,Moore,27,WR,6
183,Metal,Triangles,2011,14,183,Jordy,Nelson,19,WR,6
184,Metal,Triangles,2011,14,184,Robert,Meachem,27,WR,3
185,Metal,Triangles,2011,14,185,Tyvon,Branch,15,S,13
186,Metal,Triangles,2011,14,186,DeMarcus,Ware,1,LB,1
187,Metal,Triangles,2011,14,187,Willis,McGahee,13,RB,10
188,Metal,Triangles,2011,14,188,Earl,2,11,S,7
189,Metal,Triangles,2011,14,189,7,Huff,15,S,12
190,Metal,Triangles,2011,14,190,Chiefs,D/ST,14,D/ST,2
191,Metal,Triangles,2011,14,191,Vikings,D/ST,20,D/ST,14
192,Metal,Triangles,2011,14,192,LaDainian,Tomlinson,8,RB,4
193,Metal,Triangles,2011,14,193,James,Jones,19,WR,8
194,Metal,Triangles,2011,14,194,Billy,Cundiff,21,K,9
195,Metal,Triangles,2011,14,195,Paris,Lenon,9,LB,5ton
196,Metal,Triangles,2011,14,196,Chad,Henne,6,QB,5
197,Metal,Triangles,2011,15,197,Danny,Woodhead,7,RB,5
198,Metal,Triangles,2011,15,198,Deion,Branch,7,WR,5ton
199,Metal,Triangles,2011,15,199,Ricky,Williams,21,RB,9
200,Metal,Triangles,2011,15,200,7,Crabtree,10,WR,8
201,Metal,Triangles,2011,15,201,Chris,Hope,32,S,4
202,Metal,Triangles,2011,15,202,Tarvaris,31kson,11,QB,14
203,Metal,Triangles,2011,15,203,D.J.,Williams,13,LB,2
204,Metal,Triangles,2011,15,204,Mason,Crosby,19,K,12
205,Metal,Triangles,2011,15,205,Dustin,Keller,8,TE,7
206,Metal,Triangles,2011,15,206,Tony,Gonzalez,25,TE,10
207,Metal,Triangles,2011,15,207,Darren,Sproles,27,RB,1
208,Metal,Triangles,2011,15,208,Mike,Williams,11,WR,13
209,Metal,Triangles,2011,15,209,Garrett,Hartley,27,K,3
210,Metal,Triangles,2011,15,210,2,Jones,14,RB,6
211,Metal,Triangles,2011,16,211,John,Kasay,27,K,6
212,Metal,Triangles,2011,16,212,Chris,Cooley,4,TE,3
213,Metal,Triangles,2011,16,213,Jacoby,Jones,29,WR,13
214,Metal,Triangles,2011,16,214,Karlos,Dansby,6,LB,1
215,Metal,Triangles,2011,16,215,Giants,D/ST,2,D/ST,10
216,Metal,Triangles,2011,16,216,14,Bryant,25,K,7
217,Metal,Triangles,2011,16,217,Antoine,Bethea,30,S,12
218,Metal,Triangles,2011,16,218,John,Beck,4,QB,2
219,Metal,Triangles,2011,16,219,Jacoby,Ford,15,WR,14
220,Metal,Triangles,2011,16,220,49ers,D/ST,10,D/ST,4
221,Metal,Triangles,2011,16,221,Jerome,Simpson,22,WR,8
222,Metal,Triangles,2011,16,222,Aaron,Hernandez,7,TE,9
223,Metal,Triangles,2011,16,223,Rams,D/ST,12,D/ST,5ton
224,Metal,Triangles,2011,16,224,Jerome,Harrison,18,RB,5
225,Metal,Triangles,2011,17,225,Davone,Bess,6,WR,5
226,Metal,Triangles,2011,17,226,Mike,Sims-Walker,12,WR,5ton
227,Metal,Triangles,2011,17,227,Steve,Breaston,14,WR,9
228,Metal,Triangles,2011,17,228,Montario,Hardesty,23,RB,8
229,Metal,Triangles,2011,17,229,Andy,Dalton,22,QB,4
230,Metal,Triangles,2011,17,230,Rashad,Jennings,31,RB,14
231,Metal,Triangles,2011,17,231,Elvis,Dumervil,13,LB,2
232,Metal,Triangles,2011,17,232,Ronnie,Brown,3,RB,12
233,Metal,Triangles,2011,17,233,Charles,Tillman,17,CB,7
234,Metal,Triangles,2011,17,234,Vince,Young,3,QB,10
235,Metal,Triangles,2011,17,235,Ben,Tate,29,RB,1
236,Metal,Triangles,2011,17,236,Jared,Cook,32,TE,13
237,Metal,Triangles,2011,17,237,1,Henery,3,K,3
238,Metal,Triangles,2011,17,238,Lance,Briggs,17,LB,6
239,Metal,Triangles,2011,18,239,Joe,Haden,23,CB,6
240,Metal,Triangles,2011,18,240,Roy,Helu,4,RB,3
241,Metal,Triangles,2011,18,241,Adam,Vinatieri,30,K,13
242,Metal,Triangles,2011,18,242,Sebastian,Janikowski,15,K,1
243,Metal,Triangles,2011,18,243,James,Farrior,24,LB,10
244,Metal,Triangles,2011,18,244,Justin,Forsett,11,RB,7
245,Metal,Triangles,2011,18,245,Takeo,Spikes,16,LB,12
246,Metal,Triangles,2011,18,246,Charles,Godfrey,26,S,2
247,Metal,Triangles,2011,18,247,Nate,Burleson,18,WR,14
248,Metal,Triangles,2011,18,248,Jason,Hill,31,WR,4
249,Metal,Triangles,2011,18,249,Derrick,Mason,8,WR,8
250,Metal,Triangles,2011,18,250,DQwell,Jackson,23,LB,9
251,Metal,Triangles,2011,18,251,Anthony,Dixon,10,RB,5ton
252,Metal,Triangles,2011,18,252,Alterraun,Verner,32,CB,5
